{
	"map" : "solvik.png",
	"mail" : "janchrister.nilsson@gmail.com",
	"bmp": [291,50, 2014,278, 1261,964],
	"wgs" : [17.953645,59.318222, 17.968417,59.317194, 17.961908,59.314280],
	"drawControls": true,
	"radius" : 50,
	"scale" : 1,
	"controls": {
		"1": [293,50],
		"2": [513,483],
		"3": [838,287],
		"4": [412,895],
		"5": [1816,446]
	}
}
