{
	"map" : "alviksskolan.png",
	"mail" : "janchrister.nilsson@gmail.com",
	"bmp": [147,280, 1448,363, 848,891],
	"wgs" : [17.972856, 59.336126, 17.977964, 59.335434, 17.975166, 59.334601],
	"drawControls": true,
	"radius" : 25,
	"scale" : 1,
	"controls": {
		"1": [771,556],
		"2": [512,130],
		"3": [354,336],
		"4": [438,568],
		"5": [568,855],
		"6": [835,557],
		"7": [1448,913]
	}
}
