{
	"map" : "18A.png",
	"mail" : "janchrister.nilsson@gmail.com",
	"bmp": 	[667,189, 1562,542, 1110,1767],
	"wgs" : [18.160561,59.287743, 18.180047, 59.283101, 18.147728, 59.270496],
	"drawControls": true,
	"radius" : 30,
	"scale" : 1,
	"controls": {
		"1": [117,999],
		"2": [304,877],
		"3": [652,924],
		"4": [616,436],
		"5": [1172,477],
		"6": [1017,759],
		"7": [1126,1035],
		"8": [976,1526],
		"9": [738,1673],
		"10": [404,1842]
	}
}
