{
	"map" : "18B.png",
	"mail" : "janchrister.nilsson@gmail.com",
	"bmp": 	[755,1334, 811,328, 2025,1402],	
	"wgs" : [18.147726, 59.270492, 18.149315, 59.279165, 18.168722, 59.269501],
	"drawControls": true,
	"radius" : 40,
	"scale" : 1,
	"controls": {
		"1": [695,375],
		"2": [951,220],
		"3": [1413,276],
		"4": [2043,426],
		"5": [1842,1075],
		"6": [1528,1273],
		"7": [1081,1500]
	}
}
