{
	"map" : "18C.png",
	"mail" : "janchrister.nilsson@gmail.com",
	"bmp": 	[491,1271, 545,267, 1760,1340],
	"wgs" : [18.147726, 59.270492, 18.149315, 59.279165, 18.168722, 59.269501],
	"drawControls": true,
	"radius" : 40,
	"scale" : 1,
	"controls": {
		"1": [703,815],
		"2": [536,612],
		"3": [432,314],
		"4": [842,560],
		"5": [1053,641],
		"6": [1205,700],
		"7": [1263,1211],
		"8": [815,1437]
	}
}
