{
	"map" : "19A.png",
	"mail" : "janchrister.nilsson@gmail.com",
	"bmp": 	[927,1013, 185,1626, 1132,1667],
	"wgs" : [18.164806, 59.277144,	18.147726, 59.270494, 18.168736, 59.269495],
	"drawControls": true,
	"radius" : 40,
	"scale" : 1,
	"controls": {
		"1-31": [413,1744],
		"2-32": [750,1459],
		"3-33": [644,1176],
		"4-34": [691,1024],
		"5-35": [1259,525],
		"6-36": [1416,678],
		"7-37": [1240,1034],
		"8-38": [1072,1216],
		"9-47": [1125,1445],
		"10-39": [950,1698],
		"11-41": [510,1511],
		"M": [200,1636]
	}
}
