{
	"map" : "2023-SommarN.jpg",
	"mail" : "janchrister.nilsson@gmail.com",
	"ABC" : [59.297127, 18.124844, 59.299261, 18.169713, 59.283426, 18.170901],
	"drawControls": true,
	"radius" : 60,
	"scale" : 0.5,
	"controls": {"A": [121, 554], "B": [3136, 158], "C": [3308, 2221]}
}
