{
	"map" : "2023-SommarS.jpg",
	"mail" : "janchrister.nilsson@gmail.com",
	"ABC" : [59.28181, 18.13277, 59.26799, 18.17072, 59.2668, 18.145],
	"drawControls": true,
	"radius" : 60,
	"scale" : 0.5,
	"controls": {"A":[1502,75],"C":[3324,3945],"B":[6777,3470]}
}








