{
	"map" : "2023-SommarS.jpg",
	"mail" : "janchrister.nilsson@gmail.com",
	"ABC" : [59.28181, 18.13277, 59.2668, 18.145, 59.26799, 18.17072],
	"drawControls": true,
	"radius" : 60,
	"scale" : 1.0,
	"controls": {"A":[1502,75],"B":[3324,3945],"C":[6777,3470]}
}








