{
	"map" : "20B.png",
	"mail" : "janchrister.nilsson@gmail.com",
	"wgs" : [
		18.155384, 59.275736,
		18.150234, 59.270065,
		18.168738, 59.269494
	],
	"drawControls": true,
	"radius" : 50,
	"scale" : 1,
	"controls": {
		"1": [332,1689],
		"2": [439,1882],
		"3": [554,1880],
		"4": [766,1656],
		"5": [910,1527],
		"6": [965,1122],
		"7": [689,1099],
		"8": [777,1315],
		"9": [427,1530],
		"A": [493,1046],
		"B": [291,1546],
		"C": [1118,1556]
		
	}


}
