{
	"map" : "21A.png",
	"mail" : "janchrister.nilsson@gmail.com",
	"ABC" : [59.269494,18.168736, 59.270494,18.147734, 59.283581,18.148257],
	"drawControls": true,
	"radius" : 44,
	"scale" : 1,
	"controls": {
		"1": [1528,1334],
		"2": [1425,1248],
		"3": [1097,384],
		"4": [1532,288],
		"5": [1773,109],
		"6": [1916,313],
		"7": [2090,376],
		"8": [1826,591],
		"9": [1568,668],
		"10": [1019,1375],
		"11": [900,1489],
		"12": [646,1421],
		"13": [472,1594],
		"A": [1535,1632], "B": [272,1578], "C": [236,46]
	}
}
