{
	"map" : "18A.png",
	"mail" : "janchrister.nilsson@gmail.com",
	"bmp": 	[667,189, 1562,542, 1110,1767],
	"wgs" : [	18.160586, 59.287778, 18.180054, 59.283100, 18.168735, 59.269495],
	"drawControls": true,
	"radius" : 30,
	"scale" : 1,
	"controls": {
		"33": [117,999],
		"34": [304,877],
		"35": [652,924],
		"37": [616,436],
		"38": [1172,477],
		"39": [1017,759],
		"40": [1126,1035],
		"41": [976,1526],
		"44": [738,1673],
		"45": [404,1842]
	}
}
