{
	"map" : "Nackareservatet.png",
	"mail" : "janchrister.nilsson@gmail.com",
	"bmp": 	[313,50, 800,48, 722,934],
	"wgs" :	[18.140184,59.301078, 18.174216,59.301138, 18.168740,59.269494], 
	"drawControls": true,
	"radius" : 30,
	"scale" : 1,
	"controls": {
	}
}
	