{
	"map" : "Sandakällan.PNG",
	"mail" : "janchrister.nilsson@gmail.com",
	"ABC" :	[59.284939, 18.201680, 59.270247, 18.172802, 59.269542, 18.237090], 
	"drawControls": true,
	"radius" : 30,
	"scale" : 1,
	"controls": {"A":[792,213],"B":[50,949],"C":[1698,984]}
}
	