{
	"map" : "skarpnäck.png",
	"mail" : "janchrister.nilsson@gmail.com",
	"bmp": [114,264,	1159,224,	340,913],
	"wgs" :	[18.120732,	59.269381, 18.134470,59.269657, 18.123698,59.265035], 
	"drawControls": true,
	"radius" : 30,
	"scale" : 1,
	"controls": {
		"1": [250,250],
		"2": [250,500],
		"3": [250,750],
		"4": [500,250],
		"5": [500,500],
		"6": [500,750],
		"7": [750,250],
		"8": [750,500],
		"9": [750,750]
	}
}
	